{
    "properties": {
        "DatabricksAccess": {
            "$ref": "#/definitions/DatabricksAccess"
        }
    },
    "additionalProperties": false,
    "required": [
        "DatabricksAccess"
    ],
    "definitions": {
        "DatabricksAccess": {
            "description": "Properties needed to access databricks.",
            "type": "object",
            "properties": {
                "DatabricksInstance": {
                    "type": "string",
                    "description": "Domain used to access Databricks"
                },
                "Token": {
                    "type": "string"
                }
            },
            "required": [
                "DatabricksInstance",
                "Token"
            ],
            "additionalProperties": false
        },
        "Autoscale": {
            "description": "Range defining the min and max number of cluster workers",
            "type": "object",
            "properties": {
                "MinWorkers": {
                    "type": "integer",
                    "description": "The minimum number of workers to which the cluster can scale down when underutilized. It is also the initial number of workers the cluster will have after creation."
                },
                "MaxWorkers": {
                    "type": "integer",
                    "description": "The maximum number of workers to which the cluster can scale up when overloaded. max_workers must be strictly greater than min_workers."
                }
            },
            "required": [
                "MaxWorkers",
                "MinWorkers"
            ],
            "additionalProperties": false
        },
        "SparkConf": {
            "description": "An object containing a set of optional, user-specified Spark configuration key-value pairs. You can also pass in a string of extra JVM options to the driver and the executors via spark.driver.extraJavaOptions and spark.executor.extraJavaOptions respectively. Example Spark confs: {\"spark.speculation\": true, \"spark.streaming.ui.retainedBatches\": 5} or {\"spark.driver.extraJavaOptions\": \"-verbose:gc -XX:+PrintGCDetails\"}",
            "type": "object"
        },
        "CustomTags": {
            "description": "An object containing a set of tags for cluster resources. Databricks tags all cluster resources (such as AWS instances and EBS volumes) with these tags in addition to default_tags.",
            "type": "object"
        },
        "ClusterLogConf": {
            "description": "Path to cluster log.",
            "type": "object",
            "properties": {
                "DbfsStorageInfo": {
                    "description": "DBFS destination. Example: dbfs:/my/path",
                    "type": "string"
                },
                "S3StorageInfo": {
                    "description": "File destination. Example: file:/my/file.sh",
                    "type": "string"
                }
            },
            "additionalProperties": false
        },
        "DockerImage": {
            "description": "Docker image connection information",
            "type": "object",
            "properties": {
                "Url": {
                    "description": "URL for the Docker image.",
                    "type": "string"
                },
                "BasicAuth": {
                    "$ref": "#/definitions/DockerBasicAuth"
                }
            },
            "additionalProperties": false
        },
        "DockerBasicAuth": {
            "description": "Basic authentication information for Docker repository",
            "type": "object",
            "properties": {
                "Username": {
                    "description": "User name for the Docker repository",
                    "type": "string"
                },
                "Password": {
                    "description": "Password for the Docker repository.",
                    "type": "string"
                }
            },
            "additionalProperties": false
        },
        "AwsAttributes": {
            "description": "Attributes set during cluster creation related to Amazon Web Services.",
            "type": "object",
            "properties": {
                "FirstOnDemand": {
                    "description": "The first first_on_demand nodes of the cluster will be placed on on-demand instances. If this value is greater than 0, the cluster driver node will be placed on an on-demand instance. If this value is greater than or equal to the current cluster size, all nodes will be placed on on-demand instances. If this value is less than the current cluster size, first_on_demand nodes will be placed on on-demand instances and the remainder will be placed on availability instances. This value does not affect cluster size and cannot be mutated over the lifetime of a cluster.",
                    "type": "integer"
                },
                "Availability": {
                    "description": "Availability type used for all subsequent nodes past the first_on_demand ones. Note: If first_on_demand is zero, this availability type will be used for the entire cluster.",
                    "type": "string",
                    "enum": [
                        "SPOT",
                        "ON_DEMAND",
                        "SPOT_WITH_FALLBACK"
                    ]
                },
                "ZoneId": {
                    "description": "Identifier for the availability zone/datacenter in which the cluster resides. You have three options:\n\nSpecify an availability zone as a string, for example: 'us-west-2a'. The provided availability zone must be in the same region as the Databricks deployment. For example, 'us-west-2a' is not a valid zone ID if the Databricks deployment resides in the 'us-east-1' region.\n\nEnable automatic availability zone selection ('Auto-AZ'), by setting the value 'auto'. Databricks selects the AZ based on available IPs in the workspace subnets and retries in other availability zones if AWS returns insufficient capacity errors.\n\nDo not specify a value. If not specified, a default zone will be used.",
                    "type": "string"
                },
                "InstanceProfileArn": {
                    "description": "Nodes for this cluster will only be placed on AWS instances with this instance profile. If omitted, nodes will be placed on instances without an instance profile. The instance profile must have previously been added to the Databricks environment by an account administrator.\n\nThis feature may only be available to certain customer plans.",
                    "type": "string"
                },
                "SpotBidPricePercent": {
                    "description": "The max price for AWS spot instances, as a percentage of the corresponding instance type's on-demand price. For example, if this field is set to 50, and the cluster needs a new i3.xlarge spot instance, then the max price is half of the price of on-demand i3.xlarge instances. Similarly, if this field is set to 200, the max price is twice the price of on-demand i3.xlarge instances. If not specified, the default value is 100. When spot instances are requested for this cluster, only spot instances whose max price percentage matches this field will be considered. For safety, we enforce this field to be no more than 10000.",
                    "type": "integer"
                },
                "EbsVolumeType": {
                    "description": "The type of EBS volumes that will be launched with this cluster.",
                    "type": "string",
                    "enum": [
                        "GENERAL_PURPOSE_SSD",
                        "THROUGHPUT_OPTIMIZED_HDD"
                    ]
                },
                "EbsVolumeCount": {
                    "description": "The number of volumes launched for each instance. You can choose up to 10 volumes. This feature is only enabled for supported node types. Legacy node types cannot specify custom EBS volumes. For node types with no instance store, at least one EBS volume needs to be specified; otherwise, cluster creation will fail.\n\nThese EBS volumes will be mounted at /ebs0, /ebs1, and etc. Instance store volumes will be mounted at /local_disk0, /local_disk1, and etc.\n\nIf EBS volumes are attached, Databricks will configure Spark to use only the EBS volumes for scratch storage because heterogeneously sized scratch devices can lead to inefficient disk utilization. If no EBS volumes are attached, Databricks will configure Spark to use instance store volumes.\n\nIf EBS volumes are specified, then the Spark configuration spark.local.dir will be overridden.",
                    "type": "integer"
                },
                "EbsVolumeSize": {
                    "description": "The size of each EBS volume (in GiB) launched for each instance. For general purpose SSD, this value must be within the range 100 - 4096. For throughput optimized HDD, this value must be within the range 500 - 4096. Custom EBS volumes cannot be specified for the legacy node types (memory-optimized and compute-optimized).",
                    "type": "integer"
                },
                "EbsVolumeIops": {
                    "description": "The number of IOPS per EBS gp3 volume.\n\nThis value must be between 3000 and 16000.\n\nThe value of IOPS and throughput is calculated based on AWS documentation to match the maximum performance of a gp2 volume with the same volume size.\n\nFor more information, see the EBS volume limit calculator.",
                    "type": "integer"
                },
                "EbsVolumeThroughput": {
                    "description": "The throughput per EBS gp3 volume, in MiB per second.\n\nThis value must be between 125 and 1000.",
                    "type": "integer"
                }
            },
            "additionalProperties": false
        },
        "Destination": {
            "type": "object",
            "properties": {
                "Destination": {
                    "type": "string"
                }
            },
            "additionalProperties": false
        },
        "S3destination": {
            "type": "object",
            "properties": {
                "Destination": {
                    "type": "string"
                },
                "Region": {
                    "type": "string"
                },
                "Warehouse": {
                    "description": "S3 warehouse. For example: https://s3-us-west-2.amazonaws.com. Either region or warehouse must be set. If both are set, warehouse is used.",
                    "type": "string"
                },
                "EnableEncryption": {
                    "description": "Enable server side encryption, false by default.",
                    "type": "boolean"
                },
                "EncryptionType": {
                    "description": "The encryption type, it could be sse-s3 or sse-kms. It is used only when encryption is enabled and the default type is sse-s3.",
                    "type": "string"
                },
                "KmsKey": {
                    "description": "KMS key used if encryption is enabled and encryption type is set to sse-kms.",
                    "type": "string"
                },
                "CannedAcl": {
                    "description": "Set canned access control list. For example: bucket-owner-full-control. If canned_acl is set, the cluster instance profile must have s3:PutObjectAcl permission on the destination bucket and prefix. The full list of possible canned ACLs can be found at https://docs.aws.amazon.com/AmazonS3/latest/dev/acl-overview.html#canned-acl. By default only the object owner gets full control. If you are using cross account role for writing data, you may want to set bucket-owner-full-control to make bucket owner able to read the logs.",
                    "type": "string"
                }
            },
            "additionalProperties": false
        },
        "InitScriptsListItem": {
            "type": "object",
            "properties": {
                "Dbfs": {
                    "$ref": "#/definitions/Destination"
                },
                "File": {
                    "$ref": "#/definitions/Destination"
                },
                "S3": {
                    "$ref": "#/definitions/S3destination"
                }
            },
            "additionalProperties": false
        }
    },
    "typeName": "Databricks::Clusters::Cluster"
}