{
  "CREATE": {
    "/ClusterName": "my-test-cluster",
    "/SparkVersion": "7.3.x-scala2.12",
    "/NodeTypeId": "i3.xlarge",
    "/SparkConf": {
      "spark.databricks.cluster.profile": "singleNode",
      "spark.speculation": "true"
    },
    "/AwsAttributes": {
      "Availability": "SPOT",
      "ZoneId": "eu-west-2a"
    },
    "/NumWorkers": 0,
    "/Autoscale": null,
    "/DriverNodeTypeId": "i3.xlarge",
    "/SshPublicKeys": null,
    "/CustomTags": {
      "resourceClass": "SingleNode"
    },
    "/ClusterLogConf": null,
    "/InitScripts": null,
    "/DockerImage": null,
    "/SparkEnvVars": null,
    "/AutoterminationMinutes": 0,
    "/EnableElasticDisk": false,
    "/DriverInstancePoolId": null,
    "/InstancePoolId": null,
    "/IdempotencyToken": null,
    "/ApplyPolicyDefaultValues": false,
    "/EnableLocalDiskEncryption": false,
    "/RuntimeEngine": null
  }
}